DATE,CSUSHPISA,Year,Month,Per_Capita_GDP,working_age_pop,Houses,CPI,UNRATE,EmpRate,Cons_Material,FEDFUNDS,urban_pop_us,Num_Households,median_income,Subsidy,old_age_pop
2004-01-01,141.646,2004,1,52179,187687969.2,3.8,186.3,5.7,71.27880507,150,1,79.8,112000,65760,27.201,12.3
2004-02-01,143.192,2004,2,52275.66667,187875451.4,3.7,186.7,5.6,71.20973182,153.4,1.01,79.8,112000,65760,27.201,12.3
2004-03-01,145.059,2004,3,52372.33333,188057722,3.6,187.1,5.8,71.0497805,156.5,1,79.8,112000,65760,27.201,12.3
2004-04-01,146.593,2004,4,52469,188320169.7,4,187.4,5.6,71.1817589,160.1,1,79.8,112000,65760,27.201,12.3
2004-05-01,148.186,2004,5,52591,188475810.3,3.8,188.2,5.6,71.1320428,162.7,1,79.8,112000,65760,27.201,12.3
2004-06-01,149.85,2004,6,52713,188689461.4,3.9,188.9,5.6,71.10645004,162,1.03,79.8,112000,65760,27.201,12.3
2004-07-01,151.338,2004,7,52835,188840548.7,4.5,189.1,5.5,71.3041418,162.2,1.26,79.8,112000,65760,27.201,12.3
2004-08-01,152.633,2004,8,52970.66667,189071375,4.3,189.2,5.4,71.26478443,165.9,1.43,79.8,112000,65760,27.201,12.3
2004-09-01,154.179,2004,9,53106.33333,189217846.5,4.1,189.8,5.4,71.15215909,167.2,1.61,79.8,112000,65760,27.201,12.3
2004-10-01,155.75,2004,10,53242,189444673,3.9,190.8,5.5,71.22420183,165.9,1.76,79.8,112000,65760,27.201,12.3
2004-11-01,157.527,2004,11,53401,189654575.5,4.3,191.7,5.4,71.36346368,165.5,1.93,79.8,112000,65760,27.201,12.3
2004-12-01,159.33,2004,12,53560,189810239.2,4.1,191.7,5.4,71.29992527,166.3,2.16,79.8,112000,65760,27.201,12.3
2005-01-01,161.288,2005,1,53719,189989658.1,4.4,191.6,5.3,71.31026752,168.6,2.28,79.9,113343,66780,27.651,12.4
2005-02-01,163.344,2005,2,53768.66667,190144268.6,4.3,192.4,5.4,71.22446248,170.4,2.5,79.9,113343,66780,27.651,12.4
2005-03-01,165.812,2005,3,53818.33333,190460460.1,4.1,193.1,5.2,71.26540653,170,2.63,79.9,113343,66780,27.651,12.4
2005-04-01,167.501,2005,4,53868,190466068.2,4.3,193.7,5.2,71.43664377,170,2.79,79.9,113343,66780,27.651,12.4
2005-05-01,169.351,2005,5,53963,190710241.8,4.2,193.6,5.1,71.52861591,168.1,3,79.9,113343,66780,27.651,12.4
2005-06-01,171.19,2005,6,54058,190962535,4.3,193.7,5,71.49436018,167.8,3.04,79.9,113343,66780,27.651,12.4
2005-07-01,172.86,2005,7,54153,191115008.9,4.2,194.9,5,71.62813054,167.2,3.26,79.9,113343,66780,27.651,12.4
2005-08-01,174.442,2005,8,54207.66667,191266347.3,4.5,196.1,4.9,71.82455723,165.9,3.5,79.9,113343,66780,27.651,12.4
2005-09-01,176.438,2005,9,54262.33333,191439119.3,4.7,198.8,5,71.6869796,168.9,3.62,79.9,113343,66780,27.651,12.4
2005-10-01,178.028,2005,10,54317,191655296.7,4.5,199.1,5,71.69383334,171.6,3.78,79.9,113343,66780,27.651,12.4
2005-11-01,179.68,2005,11,54520.33333,191932179,5,198.1,5,71.55741564,172.7,4,79.9,113343,66780,27.651,12.4
2005-12-01,180.91,2005,12,54723.66667,192145059,4.9,198.1,4.9,71.62729227,173.5,4.16,79.9,113343,66780,27.651,12.4
2006-01-01,182.321,2006,1,54927,192350560.4,5.3,199.3,4.7,71.69053174,177.2,4.29,80.1,114384,67520,28.604,12.4
2006-02-01,183.287,2006,2,54933,192542668.3,6.1,199.4,4.8,71.77418071,177.7,4.49,80.1,114384,67520,28.604,12.4
2006-03-01,184.364,2006,3,54939,192688773.1,5.9,199.7,4.7,71.84192897,178.3,4.59,80.1,114384,67520,28.604,12.4
2006-04-01,184.329,2006,4,54945,192815179.5,6.3,200.7,4.7,71.78923008,179,4.79,80.1,114384,67520,28.604,12.4
2006-05-01,184.156,2006,5,54925.33333,192912881.3,6.2,201.3,4.6,71.86865954,179.9,4.94,80.1,114384,67520,28.604,12.4
2006-06-01,183.507,2006,6,54905.66667,193147759.2,6.3,201.8,4.6,72.00663577,180.7,4.99,80.1,114384,67520,28.604,12.4
2006-07-01,183.068,2006,7,54886,193315722.2,7.3,202.9,4.7,72.00678762,182.3,5.24,80.1,114384,67520,28.604,12.4
2006-08-01,182.594,2006,8,54996,193456189.2,6.7,203.8,4.7,72.09661576,182.6,5.25,80.1,114384,67520,28.604,12.4
2006-09-01,182.798,2006,9,55106,193557903.1,6.7,202.8,4.5,72.05087304,183.3,5.25,80.1,114384,67520,28.604,12.4
2006-10-01,183.198,2006,10,55216,193702904.6,7.3,201.9,4.4,72.24331476,182.3,5.25,80.1,114384,67520,28.604,12.4
2006-11-01,183.609,2006,11,55230.66667,193948914.7,6.6,202,4.5,72.17935887,179.8,5.25,80.1,114384,67520,28.604,12.4
2006-12-01,184.139,2006,12,55245.33333,194181049.4,6.5,203.1,4.4,72.32554855,179.8,5.24,80.1,114384,67520,28.604,12.4
2007-01-01,184.517,2007,1,55260,194950822.5,7.2,203.437,4.6,72.13897867,181.1,5.25,80.3,116011,68610,29.512,12.5
2007-02-01,184.598,2007,2,55331.33333,195126880.6,7.9,204.226,4.5,71.97543133,181.5,5.26,80.3,116011,68610,29.512,12.5
2007-03-01,184.15,2007,3,55402.66667,195232897.8,7.9,205.288,4.4,72.0188718,182.5,5.26,80.3,116011,68610,29.512,12.5
2007-04-01,183.01,2007,4,55474,195285714.7,7.4,205.904,4.5,71.70474365,183.7,5.25,80.3,116011,68610,29.512,12.5
2007-05-01,181.6,2007,5,55532.33333,195379018.8,7.8,206.755,4.4,71.75235302,184,5.25,80.3,116011,68610,29.512,12.5
2007-06-01,180.254,2007,6,55590.66667,195626634,8.2,207.234,4.6,71.76922982,184,5.25,80.3,116011,68610,29.512,12.5
2007-07-01,179.111,2007,7,55649,195763535.1,8.3,207.603,4.7,71.73368197,184.2,5.26,80.3,116011,68610,29.512,12.5
2007-08-01,178.116,2007,8,55718.33333,195850863.9,9.2,207.667,4.6,71.56592575,183.9,5.02,80.3,116011,68610,29.512,12.5
2007-09-01,177.558,2007,9,55787.66667,195982436,9.2,208.547,4.7,71.69815463,183.4,4.94,80.3,116011,68610,29.512,12.5
2007-10-01,176.624,2007,10,55857,196078651.5,8.5,209.19,4.7,71.58030453,183,4.76,80.3,116011,68610,29.512,12.5
2007-11-01,175.147,2007,11,55737,196221175.8,9.4,210.834,4.7,71.77716146,183.3,4.49,80.3,116011,68610,29.512,12.5
2007-12-01,174.342,2007,12,55617,196455828.3,9.6,211.445,5,71.55329261,183.5,4.24,80.3,116011,68610,29.512,12.5
2008-01-01,173.132,2008,1,55497,196086203.5,9.3,212.174,5,71.6783782,184.3,3.94,80.4,116783,66280,29.876,12.7
2008-02-01,171.541,2008,2,55566.33333,196235085.4,9.7,212.687,4.9,71.43529358,185.7,2.98,80.4,116783,66280,29.876,12.7
2008-03-01,170.053,2008,3,55635.66667,196400619.6,10.5,213.448,5.1,71.40551862,187.8,2.61,80.4,116783,66280,29.876,12.7
2008-04-01,168.338,2008,4,55705,196184860.5,10.3,213.942,5,71.42707976,190.9,2.28,80.4,116783,66280,29.876,12.7
2008-05-01,166.659,2008,5,55562.66667,196464924.3,10.7,215.208,5.4,71.20299054,195.8,1.98,80.4,116783,66280,29.876,12.7
2008-06-01,165.017,2008,6,55420.33333,196572657,10.7,217.463,5.6,71.1271146,200.4,2,80.4,116783,66280,29.876,12.7
2008-07-01,163.566,2008,7,55278,196674352.8,10.5,219.016,5.8,70.93727298,203.4,2.01,80.4,116783,66280,29.876,12.7
2008-08-01,161.987,2008,8,54832.33333,196811762.4,11.3,218.69,6.1,70.71902518,206.5,2,80.4,116783,66280,29.876,12.7
2008-09-01,160.308,2008,9,54386.66667,196984550.1,10.9,218.877,6.1,70.54082379,206.3,1.81,80.4,116783,66280,29.876,12.7
2008-10-01,158.327,2008,10,53941,197147398.7,11.6,216.995,6.5,70.3949126,201.8,0.97,80.4,116783,66280,29.876,12.7
2008-11-01,156.142,2008,11,53701,197282896.9,11.4,213.153,6.8,69.94791484,199.6,0.39,80.4,116783,66280,29.876,12.7
2008-12-01,153.619,2008,12,53461,197450491.7,11.2,211.398,7.3,69.55812174,194.8,0.16,80.4,116783,66280,29.876,12.7
2009-01-01,151.507,2009,1,53221,196957406.3,12.2,211.933,7.8,69.02399155,193.3,0.15,80.6,117181,65850,32.883,12.9
2009-02-01,150.015,2009,2,53153,197131242.2,10.5,212.705,8.3,68.72321464,191.2,0.22,80.6,117181,65850,32.883,12.9
2009-03-01,148.66,2009,3,53085,197297625.3,11,212.495,8.7,68.21147641,190.2,0.18,80.6,117181,65850,32.883,12.9
2009-04-01,147.949,2009,4,53017,197764400.9,10.7,212.709,9,68.11750336,188.1,0.15,80.6,117181,65850,32.883,12.9
2009-05-01,147.694,2009,5,53038.33333,197891272.7,9.3,213.022,9.4,67.76490018,186.9,0.18,80.6,117181,65850,32.883,12.9
2009-06-01,148.09,2009,6,53059.66667,197603408.5,8.5,214.79,9.5,67.80977289,187.1,0.21,80.6,117181,65850,32.883,12.9
2009-07-01,148.41,2009,7,53081,197766275,7.9,214.726,9.5,67.69993836,187.6,0.16,80.6,117181,65850,32.883,12.9
2009-08-01,148.278,2009,8,53231,198114332.7,7.5,215.445,9.6,67.32973666,188.1,0.16,80.6,117181,65850,32.883,12.9
2009-09-01,148.025,2009,9,53381,198363808.3,7.8,215.861,9.8,66.88193935,189.3,0.15,80.6,117181,65850,32.883,12.9
2009-10-01,147.85,2009,10,53531,198618252,7.4,216.509,10,66.6074131,189.7,0.12,80.6,117181,65850,32.883,12.9
2009-11-01,148.134,2009,11,53581.66667,198614188,7.6,217.234,9.9,66.67574423,189.2,0.12,80.6,117181,65850,32.883,12.9
2009-12-01,147.929,2009,12,53632.33333,198623349.1,8,217.347,9.9,66.41051913,189.4,0.12,80.6,117181,65850,32.883,12.9
2010-01-01,147.396,2010,1,53683,198065211.5,8.1,217.488,9.8,66.74930049,190.3,0.11,80.8,117538,64300,32.669,13
2010-02-01,145.631,2010,2,53822,198329647.9,8.3,217.281,9.8,66.70751958,192.2,0.13,80.8,117538,64300,32.669,13
2010-03-01,145.859,2010,3,53961,198649626,7.1,217.353,9.9,66.72964305,193.7,0.16,80.8,117538,64300,32.669,13
2010-04-01,146.403,2010,4,54100,199115795.5,6.2,217.403,9.9,66.8654315,196.5,0.2,80.8,117538,64300,32.669,13
2010-05-01,146.394,2010,5,54200.33333,199224562,9.3,217.29,9.6,66.75584773,198.9,0.2,80.8,117538,64300,32.669,13
2010-06-01,145.721,2010,6,54300.66667,198998357.4,8.3,217.199,9.4,66.75107417,197.2,0.18,80.8,117538,64300,32.669,13
2010-07-01,144.991,2010,7,54401,199104164.3,8.9,217.605,9.4,66.73244373,195.6,0.18,80.8,117538,64300,32.669,13
2010-08-01,143.916,2010,8,54457,199358427.1,8.8,217.923,9.5,66.78334831,194.1,0.19,80.8,117538,64300,32.669,13
2010-09-01,143.019,2010,9,54513,199592944.4,7.6,218.275,9.5,66.66053439,193.9,0.19,80.8,117538,64300,32.669,13
2010-10-01,142.531,2010,10,54569,199859978.4,8.2,219.035,9.4,66.46390982,193.8,0.19,80.8,117538,64300,32.669,13
2010-11-01,142.173,2010,11,54493,199933691.6,8.2,219.59,9.8,66.37272181,193.6,0.19,80.8,117538,64300,32.669,13
2010-12-01,142.06,2010,12,54417,199962030.4,7,220.472,9.3,66.49407656,194.2,0.18,80.8,117538,64300,32.669,13
2011-01-01,141.521,2011,1,54341,199071788.6,7.3,221.187,9.1,66.67974563,195.9,0.17,80.9,119927,63350,34.23,13.3
2011-02-01,140.35,2011,2,54430.66667,199329997.7,8.1,221.898,9,66.59747277,198.1,0.16,80.9,119927,63350,34.23,13.3
2011-03-01,139.981,2011,3,54520.33333,199524830.2,7.2,223.046,9,66.6849102,199.7,0.14,80.9,119927,63350,34.23,13.3
2011-04-01,140.01,2011,4,54610,199950249.1,6.7,224.093,9.1,66.5364427,201.1,0.1,80.9,119927,63350,34.23,13.3
2011-05-01,139.905,2011,5,54567.33333,200047046.6,6.6,224.806,9,66.53644683,201.6,0.09,80.9,119927,63350,34.23,13.3
2011-06-01,139.862,2011,6,54524.66667,199916426,6.6,224.806,9.1,66.41269311,201.9,0.09,80.9,119927,63350,34.23,13.3
2011-07-01,139.73,2011,7,54482,200019255.6,6.7,225.395,9,66.40128116,202.6,0.07,80.9,119927,63350,34.23,13.3
2011-08-01,139.309,2011,8,54647.66667,200119232.7,6.5,226.106,9,66.66503209,202.8,0.1,80.9,119927,63350,34.23,13.3
2011-09-01,138.668,2011,9,54813.33333,200263992.8,6.3,226.597,9,66.68752919,202.7,0.08,80.9,119927,63350,34.23,13.3
2011-10-01,137.952,2011,10,54979,200455255.8,6,226.75,8.8,66.67166993,202.7,0.07,80.9,119927,63350,34.23,13.3
2011-11-01,137.152,2011,11,55100,200413998.1,5.7,227.169,8.6,66.82178501,202.2,0.08,80.9,119927,63350,34.23,13.3
2011-12-01,136.674,2011,12,55221,200418681.3,5.3,227.223,8.5,66.85587675,202.2,0.07,80.9,119927,63350,34.23,13.3
2012-01-01,136.607,2012,1,55342,201013600.8,5.3,227.842,8.3,66.92798942,203.9,0.08,81.1,121084,63350,33.283,13.6
2012-02-01,136.533,2012,2,55391.33333,201109580.7,4.8,228.329,8.3,66.96500397,205.1,0.1,81.1,121084,63350,33.283,13.6
2012-03-01,137.904,2012,3,55440.66667,201200902.2,4.9,228.807,8.2,66.986908,205.7,0.13,81.1,121084,63350,33.283,13.6
2012-04-01,139.154,2012,4,55490,201473852.8,4.9,229.187,8.2,66.91903497,206.3,0.14,81.1,121084,63350,33.283,13.6
2012-05-01,140.155,2012,5,55478,201510859.8,4.7,228.713,8.2,67.06126813,206.5,0.16,81.1,121084,63350,33.283,13.6
2012-06-01,141.03,2012,6,55466,201441455,4.8,228.524,8.2,67.12830297,206.6,0.16,81.1,121084,63350,33.283,13.6
2012-07-01,141.669,2012,7,55454,201433691.7,4.6,228.59,8.2,67.04708752,206.2,0.16,81.1,121084,63350,33.283,13.6
2012-08-01,142.279,2012,8,55437,201502453.2,4.6,229.918,8.1,67.00157193,205.5,0.13,81.1,121084,63350,33.283,13.6
2012-09-01,142.908,2012,9,55420,201625853.7,4.5,231.015,7.8,67.3141845,206.6,0.14,81.1,121084,63350,33.283,13.6
2012-10-01,143.6,2012,10,55403,201720006.3,4.9,231.638,7.8,67.50130223,205.5,0.16,81.1,121084,63350,33.283,13.6
2012-11-01,144.585,2012,11,55555,201769248.5,4.6,231.249,7.7,67.28387976,205.6,0.16,81.1,121084,63350,33.283,13.6
2012-12-01,145.503,2012,12,55707,201889547.8,4.5,231.221,7.9,67.29796721,206.4,0.16,81.1,121084,63350,33.283,13.6
2013-01-01,146.827,2013,1,55859,201740179.1,4,231.679,8,67.25848057,208.4,0.14,81.3,122459,65740,33.213,13.9
2013-02-01,147.784,2013,2,55877.33333,201880651.5,4.1,232.937,7.7,67.24271971,209.1,0.15,81.3,122459,65740,33.213,13.9
2013-03-01,149.963,2013,3,55895.66667,202094069.1,4.2,232.282,7.5,67.17711832,209.8,0.14,81.3,122459,65740,33.213,13.9
2013-04-01,151.519,2013,4,55914,202114412,4.4,231.797,7.6,67.26804217,210.7,0.15,81.3,122459,65740,33.213,13.9
2013-05-01,152.85,2013,5,56033.33333,202298812.1,4.6,231.893,7.5,67.34041804,209.5,0.11,81.3,122459,65740,33.213,13.9
2013-06-01,154.2,2013,6,56152.66667,202334797.9,4.1,232.445,7.5,67.36578805,208.8,0.09,81.3,122459,65740,33.213,13.9
2013-07-01,155.604,2013,7,56272,202342809.5,5.5,232.9,7.3,67.48865056,208.3,0.09,81.3,122459,65740,33.213,13.9
2013-08-01,156.965,2013,8,56395.33333,202432246.9,5.5,233.456,7.2,67.41554699,208.9,0.08,81.3,122459,65740,33.213,13.9
2013-09-01,158.227,2013,9,56518.66667,202612834.8,5.4,233.544,7.2,67.47013232,208.9,0.08,81.3,122459,65740,33.213,13.9
2013-10-01,159.242,2013,10,56642,202634154.8,4.9,233.669,7.2,67.13552219,209.3,0.09,81.3,122459,65740,33.213,13.9
2013-11-01,160.074,2013,11,56543,202701028.7,5,234.1,6.9,67.45001283,209.8,0.08,81.3,122459,65740,33.213,13.9
2013-12-01,160.994,2013,12,56444,202726080.2,5.2,234.719,6.7,67.54037043,209.8,0.09,81.3,122459,65740,33.213,13.9
2014-01-01,161.927,2014,1,56345,202492935,5.1,235.288,6.6,67.71190045,211.7,0.07,81.5,123229,64900,33.806,14.1
2014-02-01,162.525,2014,2,56552.66667,202561429.5,5.3,235.547,6.7,67.6848878,212.7,0.07,81.5,123229,64900,33.806,14.1
2014-03-01,163.086,2014,3,56760.33333,202694172.2,5.6,236.028,6.7,67.91847972,213.4,0.08,81.5,123229,64900,33.806,14.1
2014-04-01,163.393,2014,4,56968,202799124.5,5.7,236.468,6.2,67.93561925,213.6,0.09,81.5,123229,64900,33.806,14.1
2014-05-01,163.66,2014,5,57157.33333,202922484.2,5.2,236.918,6.3,68.02769763,214.3,0.09,81.5,123229,64900,33.806,14.1
2014-06-01,164.064,2014,6,57346.66667,203092828.1,5.7,237.231,6.1,68.15557853,214.5,0.1,81.5,123229,64900,33.806,14.1
2014-07-01,164.579,2014,7,57536,203115985.4,6.2,237.498,6.2,68.17172443,214.8,0.09,81.5,123229,64900,33.806,14.1
2014-08-01,165.215,2014,8,57591.33333,203210145.5,5.4,237.46,6.1,68.22694656,215.5,0.09,81.5,123229,64900,33.806,14.1
2014-09-01,165.905,2014,9,57646.66667,203260317.1,5.4,237.477,5.9,68.28184424,215.7,0.09,81.5,123229,64900,33.806,14.1
2014-10-01,166.641,2014,10,57702,203281628,5.3,237.43,5.7,68.58085588,215.9,0.09,81.5,123229,64900,33.806,14.1
2014-11-01,167.335,2014,11,57841.66667,203370716.2,5.7,236.983,5.8,68.52013653,215.8,0.09,81.5,123229,64900,33.806,14.1
2014-12-01,168.051,2014,12,57981.33333,203424863.2,5.1,236.252,5.6,68.4830259,215.5,0.12,81.5,123229,64900,33.806,14.1
2015-01-01,168.634,2015,1,58121,203881341.4,4.8,234.747,5.7,68.54453699,215.8,0.11,81.7,124587,68410,34.859,14.3
2015-02-01,169.129,2015,2,58206,203936974,4.5,235.342,5.5,68.5362038,215.3,0.11,81.7,124587,68410,34.859,14.3
2015-03-01,169.799,2015,3,58291,204002384.3,5.1,235.976,5.4,68.42922291,215,0.11,81.7,124587,68410,34.859,14.3
2015-04-01,170.298,2015,4,58376,204016820.7,4.9,236.222,5.4,68.6835161,214.5,0.12,81.7,124587,68410,34.859,14.3
2015-05-01,170.88,2015,5,58412.66667,204232027.9,5,237.001,5.6,68.79807526,213.7,0.12,81.7,124587,68410,34.859,14.3
2015-06-01,171.471,2015,6,58449.33333,204417687.6,5.4,237.657,5.3,68.68683575,213.7,0.13,81.7,124587,68410,34.859,14.3
2015-07-01,172.133,2015,7,58486,204506449.4,5.2,238.034,5.2,68.63669015,213.7,0.13,81.7,124587,68410,34.859,14.3
2015-08-01,172.936,2015,8,58480.66667,204557902.8,5,238.033,5.1,68.7580949,213.3,0.14,81.7,124587,68410,34.859,14.3
2015-09-01,173.828,2015,9,58475.33333,204536920.3,5.9,237.498,5,68.65274138,212.5,0.14,81.7,124587,68410,34.859,14.3
2015-10-01,174.792,2015,10,58470,204577584.8,5.6,237.733,5,68.72791524,212.4,0.12,81.7,124587,68410,34.859,14.3
2015-11-01,175.738,2015,11,58548,204605179.6,5.5,238.017,5.1,68.87832331,211.7,0.12,81.7,124587,68410,34.859,14.3
2015-12-01,176.544,2015,12,58626,204718625.4,5.1,237.761,5,69.08069257,210.9,0.24,81.7,124587,68410,34.859,14.3
2016-01-01,177.274,2016,1,58704,205107943.3,5.6,237.652,4.8,69.18797106,211.4,0.34,81.9,125819,70840,37.55,14.7
2016-02-01,177.649,2016,2,58731.66667,205160893.8,5.5,237.336,4.9,69.26269071,211.3,0.38,81.9,125819,70840,37.55,14.7
2016-03-01,178.164,2016,3,58759.33333,205293260.6,5.5,238.08,5,69.28180369,211.6,0.36,81.9,125819,70840,37.55,14.7
2016-04-01,178.766,2016,4,58787,205240952.7,5,238.992,5.1,69.17386355,212.7,0.37,81.9,125819,70840,37.55,14.7
2016-05-01,179.429,2016,5,58886,205443695.4,5.1,239.557,4.8,69.28937069,213.7,0.37,81.9,125819,70840,37.55,14.7
2016-06-01,180.084,2016,6,58985,205612263.7,5.3,240.222,4.9,69.19962942,214.6,0.38,81.9,125819,70840,37.55,14.7
2016-07-01,180.834,2016,7,59084,205723009.5,4.5,240.101,4.8,69.2867306,215.3,0.39,81.9,125819,70840,37.55,14.7
2016-08-01,181.85,2016,8,59154.66667,205722118.1,5,240.545,4.9,69.3836583,216,0.4,81.9,125819,70840,37.55,14.7
2016-09-01,182.823,2016,9,59225.33333,205758207.7,5.2,241.176,5,69.42748337,215.3,0.4,81.9,125819,70840,37.55,14.7
2016-10-01,183.75,2016,10,59296,205820559.1,5.2,241.741,4.9,69.42904511,214.8,0.4,81.9,125819,70840,37.55,14.7
2016-11-01,184.759,2016,11,59362,205809150.8,5.2,242.026,4.7,69.554475,214.5,0.41,81.9,125819,70840,37.55,14.7
2016-12-01,185.725,2016,12,59428,205947149.2,5.4,242.637,4.7,69.5643112,215.5,0.54,81.9,125819,70840,37.55,14.7
2017-01-01,186.805,2017,1,59494,205341373.9,5.4,243.618,4.7,69.64525515,217.3,0.65,82.1,126224,72090,35.771,15.1
2017-02-01,187.313,2017,2,59574.66667,205348420.2,5.3,244.006,4.6,69.71667366,218.8,0.66,82.1,126224,72090,35.771,15.1
2017-03-01,187.992,2017,3,59655.33333,205265464.4,5,243.892,4.4,70.0106852,219.7,0.79,82.1,126224,72090,35.771,15.1
2017-04-01,188.724,2017,4,59736,205392169.5,5.4,244.193,4.4,70.08729497,221,0.9,82.1,126224,72090,35.771,15.1
2017-05-01,189.616,2017,5,59857,205501946.7,5.1,244.004,4.4,70.0090435,221.7,0.91,82.1,126224,72090,35.771,15.1
2017-06-01,190.513,2017,6,59978,205688251.2,5.3,244.163,4.3,70.098243,221.9,1.04,82.1,126224,72090,35.771,15.1
2017-07-01,191.45,2017,7,60099,205740836.2,5.8,244.243,4.3,70.17760015,221.9,1.15,82.1,126224,72090,35.771,15.1
2017-08-01,192.663,2017,8,60290.66667,205723613.8,6.1,245.183,4.4,70.15007293,222.4,1.16,82.1,126224,72090,35.771,15.1
2017-09-01,193.759,2017,9,60482.33333,205704970.9,5.3,246.435,4.3,70.47708729,223.1,1.15,82.1,126224,72090,35.771,15.1
2017-10-01,194.805,2017,10,60674,205670408.4,5.5,246.626,4.2,70.263347,223.9,1.15,82.1,126224,72090,35.771,15.1
2017-11-01,195.958,2017,11,60813.66667,205656877.9,4.8,247.284,4.2,70.29971524,223.9,1.16,82.1,126224,72090,35.771,15.1
2017-12-01,197.178,2017,12,60953.33333,205800595.6,5.6,247.805,4.1,70.28072225,224.1,1.3,82.1,126224,72090,35.771,15.1
2018-01-01,198.314,2018,1,61093,206339378.4,6,248.859,4,70.31818008,225.8,1.41,82.3,127586,73030,38.859,15.4
2018-02-01,199.227,2018,2,61174,206307462.8,5.7,249.529,4.1,70.60253429,228.7,1.42,82.3,127586,73030,38.859,15.4
2018-03-01,199.961,2018,3,61255,206369738.2,5.2,249.577,4,70.55277796,231.3,1.51,82.3,127586,73030,38.859,15.4
2018-04-01,200.655,2018,4,61336,206274935.4,5.6,250.227,4,70.57203801,232.4,1.69,82.3,127586,73030,38.859,15.4
2018-05-01,201.423,2018,5,61431.33333,206525428,5.5,250.792,3.8,70.73508493,236.8,1.7,82.3,127586,73030,38.859,15.4
2018-06-01,202.237,2018,6,61526.66667,206661184.7,5.8,251.018,4,70.69788121,239.2,1.82,82.3,127586,73030,38.859,15.4
2018-07-01,202.907,2018,7,61622,206659777.1,6,251.214,3.8,70.86786857,239.6,1.91,82.3,127586,73030,38.859,15.4
2018-08-01,203.688,2018,8,61621,206664712.9,6.5,251.663,3.8,70.56786627,239.4,1.91,82.3,127586,73030,38.859,15.4
2018-09-01,204.353,2018,9,61620,206654330.1,6.6,252.182,3.7,70.76710304,240,1.95,82.3,127586,73030,38.859,15.4
2018-10-01,205.12,2018,10,61619,206620708.2,7.2,252.772,3.8,70.92984439,238.7,2.19,82.3,127586,73030,38.859,15.4
2018-11-01,205.679,2018,11,61709,206643656.6,6.4,252.594,3.8,70.99444316,238.8,2.2,82.3,127586,73030,38.859,15.4
2018-12-01,206.169,2018,12,61799,206762878.6,7.6,252.767,3.9,70.99503113,238.3,2.27,82.3,127586,73030,38.859,15.4
2019-01-01,206.539,2019,1,61889,206187752.6,7,252.718,4,71.01425545,238.5,2.4,82.5,128579,78250,40.185,15.8
2019-02-01,206.848,2019,2,62036.33333,206154545.5,6.4,253.322,3.8,71.04350975,238.1,2.4,82.5,128579,78250,40.185,15.8
2019-03-01,207.047,2019,3,62183.66667,206099024.8,5.7,254.202,3.8,71.07026376,238.1,2.41,82.5,128579,78250,40.185,15.8
2019-04-01,207.506,2019,4,62331,206170068.6,5.8,255.211,3.6,71.13624728,237.2,2.42,82.5,128579,78250,40.185,15.8
2019-05-01,208.138,2019,5,62535.66667,206451313.2,6.7,255.29,3.7,71.14531224,237.3,2.39,82.5,128579,78250,40.185,15.8
2019-06-01,208.659,2019,6,62740.33333,206564990.5,5.2,255.159,3.6,71.24389159,236.3,2.38,82.5,128579,78250,40.185,15.8
2019-07-01,209.262,2019,7,62945,206412025.2,5.9,255.685,3.7,71.26878036,235.6,2.4,82.5,128579,78250,40.185,15.8
2019-08-01,210.102,2019,8,63049,206409591.6,5.4,256.059,3.7,71.41988492,234.4,2.13,82.5,128579,78250,40.185,15.8
2019-09-01,210.913,2019,9,63153,206341688.7,5.4,256.511,3.5,71.71975212,234.4,2.04,82.5,128579,78250,40.185,15.8
2019-10-01,211.808,2019,10,63257,206244263.9,5.3,257.244,3.6,71.72106042,233.8,1.83,82.5,128579,78250,40.185,15.8
2019-11-01,212.805,2019,11,62949,206317380.2,5.4,257.803,3.6,71.70966857,232.8,1.55,82.5,128579,78250,40.185,15.8
2019-12-01,213.955,2019,12,62641,206389716.2,5.6,258.616,3.6,71.69465193,232.2,1.55,82.5,128579,78250,40.185,15.8
2020-01-01,214.994,2020,1,62333,205727844.8,5.7,259.037,3.5,71.76865657,233.4,1.55,82.7,128451,76660,44.147,16.2
2020-02-01,215.837,2020,2,60684,205599624.5,5.6,259.248,3.5,71.79082645,234.6,1.58,82.7,128451,76660,44.147,16.2
2020-03-01,216.365,2020,3,59035,205438752.3,6.5,258.124,4.4,70.54868332,236.3,0.65,82.7,128451,76660,44.147,16.2
2020-04-01,216.801,2020,4,57386,206982497.6,6.9,256.092,14.7,60.195798,234.3,0.05,82.7,128451,76660,44.147,16.2
2020-05-01,216.987,2020,5,58859.33333,206796375.8,5.4,255.868,13.2,62.23612652,233.3,0.05,82.7,128451,76660,44.147,16.2
2020-06-01,217.63,2020,6,60332.66667,205507595.3,3.8,256.986,11,64.76607083,234.8,0.08,82.7,128451,76660,44.147,16.2
2020-07-01,219.322,2020,7,61806,205375033,3.4,258.278,10.2,65.37959518,237,0.09,82.7,128451,76660,44.147,16.2
2020-08-01,222.424,2020,8,62008.66667,205753509.8,3.3,259.411,8.4,66.8599538,240.9,0.1,82.7,128451,76660,44.147,16.2
2020-09-01,225.853,2020,9,62211.33333,206129691.6,3.4,260.029,7.9,66.92683725,246.9,0.09,82.7,128451,76660,44.147,16.2
2020-10-01,229.781,2020,10,62414,206073201.6,3.3,260.286,6.9,67.89888245,246.4,0.09,82.7,128451,76660,44.147,16.2
2020-11-01,233.235,2020,11,62685,206157005.4,4,260.813,6.7,67.81809269,244.3,0.09,82.7,128451,76660,44.147,16.2
2020-12-01,236.521,2020,12,62956,206069507.8,4.1,262.035,6.7,67.91473996,248,0.09,82.7,128451,76660,44.147,16.2
2021-01-01,239.559,2021,1,63227,204934021.3,4,262.65,6.3,68.18465627,256.4,0.09,82.9,129224,76330,45.299,16.7
2021-02-01,242.325,2021,2,63537,204891687.6,4.9,263.638,6.2,68.41396436,264.6,0.08,82.9,129224,76330,45.299,16.7
2021-03-01,245.402,2021,3,63847,205005370.3,4.4,264.914,6.1,68.56918699,276.7,0.07,82.9,129224,76330,45.299,16.7
2021-04-01,249.055,2021,4,64157,205383768.5,4.7,266.67,6.1,68.6569037,291.8,0.07,82.9,129224,76330,45.299,16.7
2021-05-01,253.426,2021,5,64309.66667,205608505.1,5.6,268.444,5.8,68.96737979,305.9,0.06,82.9,129224,76330,45.299,16.7
2021-06-01,258.381,2021,6,64462.33333,205376295.6,5.8,270.559,5.9,69.09605288,315.7,0.08,82.9,129224,76330,45.299,16.7
2021-07-01,262.707,2021,7,64615,205348746.1,5.7,271.764,5.4,69.67611984,313.542,0.1,82.9,129224,76330,45.299,16.7
2021-08-01,266.921,2021,8,64960.33333,205344628.4,6.5,272.87,5.2,69.67997156,313.083,0.09,82.9,129224,76330,45.299,16.7
2021-09-01,270.402,2021,9,65305.66667,205480663.7,6,274.028,4.8,69.94873945,317.136,0.08,82.9,129224,76330,45.299,16.7
2021-10-01,273.769,2021,10,65651,205382783.1,6.8,276.522,4.5,70.19994538,322.12,0.08,82.9,129224,76330,45.299,16.7
2021-11-01,277.251,2021,11,65529.33333,205355471.4,6,278.711,4.2,70.63911057,328.94,0.08,82.9,129224,76330,45.299,16.7
2021-12-01,281.393,2021,12,65407.66667,205308040.7,5.6,280.887,3.9,70.79829312,335.032,0.08,82.9,129224,76330,45.299,16.7
2022-01-01,285.921,2022,1,65286,207089262.2,5.8,282.599,4,70.75321821,345.742,0.08,83.1,131202,74580,48.021,17.1
2022-02-01,291.09,2022,2,65233,207088528.9,6.2,284.61,3.8,70.89598181,343.583,0.08,83.1,131202,74580,48.021,17.1
2022-03-01,296.353,2022,3,65180,207000251.6,7,287.472,3.6,71.26464937,345.852,0.2,83.1,131202,74580,48.021,17.1
2022-04-01,300.55,2022,4,65127,207057895.4,8.5,288.611,3.6,71.22310598,343.786,0.33,83.1,131202,74580,48.021,17.1
2022-05-01,303.796,2022,5,65238.66667,207270495.4,8.3,291.268,3.6,71.37394575,353.015,0.77,83.1,131202,74580,48.021,17.1
2022-06-01,304.755,2022,6,65350.33333,207401806.1,9.5,294.728,3.6,71.23525813,349.8,1.21,83.1,131202,74580,48.021,17.1
2022-07-01,303.714,2022,7,65462,207424100.6,10.1,294.628,3.5,71.32598332,346.79,1.68,83.1,131202,74580,48.021,17.1
2022-08-01,301.596,2022,8,65569,207394073.3,8.7,295.32,3.7,71.46689996,342.753,2.33,83.1,131202,74580,48.021,17.1
2022-09-01,299.38,2022,9,65676,207474329.2,9.7,296.539,3.5,71.44423087,336.464,2.56,83.1,131202,74580,48.021,17.1
2022-10-01,298.922,2022,10,65783,207456273.8,9.7,297.987,3.7,71.24779933,333.796,3.08,83.1,131202,74580,48.021,17.1
2022-11-01,298.312,2022,11,65881.33333,207509690,9.4,298.598,3.6,71.32303642,330.369,3.78,83.1,131202,74580,48.021,17.1
2022-12-01,297.471,2022,12,65979.66667,207506562.5,8.5,298.99,3.5,71.57598748,326.449,4.1,83.1,131202,74580,48.021,17.1
2023-01-01,297.43,2023,1,66096,208314500,8.3,300.356,3.4,71.68515,327.338,4.33,83.2,131434,74580,48.021,17.6
2023-02-01,297.739,2023,2,66183,208351900,8.4,301.509,3.6,71.76801,330.532,4.57,83.2,131434,74580,48.021,17.6
2023-03-01,298.796,2023,3,66270,208202100,8.1,301.744,3.5,71.85719,331.729,4.65,83.2,131434,74580,48.021,17.6
2023-04-01,300.262,2023,4,66357,208302800,7.5,303.032,3.4,71.95815,333.366,4.83,83.2,131434,74580,48.021,17.6
2023-05-01,302.489,2023,5,66588,208498900,6.9,303.365,3.7,71.94364,337.473,5.06,83.2,131434,74580,48.021,17.6
2023-06-01,304.343,2023,6,66819,208652800,7.7,304.003,3.6,71.99511,337.336,5.08,83.2,131434,74580,48.021,17.6
2023-07-01,306.451,2023,7,67050,208727000,7.3,304.628,3.5,71.96581,334.512,5.12,83.2,131434,74580,48.021,17.6
2023-08-01,308.83,2023,8,67358.66667,208810300,7.9,306.187,3.8,72.0615,333.794,5.33,83.2,131434,74580,48.021,17.6
2023-09-01,310.894,2023,9,67358.66667,208986900,7.5,307.288,3.8,72.05243,332.098,5.33,83.2,131434,74580,48.021,17.6
2023-10-01,312.756,2023,10,67513,208948000,7.9,307.531,3.8,71.97988,328.743,5.33,83.2,131434,74580,48.021,17.6
2023-11-01,313.632,2023,11,67566,209035600,8.8,308.024,3.7,72.09671,326.844,5.33,83.2,131434,74580,48.021,17.6
2023-12-01,314.443,2023,12,67619,209117700,8.2,308.742,3.7,71.81763,327.644,5.33,83.2,131434,74580,48.021,17.6
2024-01-01,315.728,2024,1,67672,208630800,8.3,309.685,3.7,72.01261,334.374,5.33,83.2,131434,74580,48.021,17.6
2024-02-01,317.257,2024,2,67804.66667,208655500,8.7,311.054,3.9,71.88552,337.766,5.33,83.2,131434,74580,48.021,17.6
2024-03-01,318.217,2024,3,67937.33333,208606600,8.2,312.23,3.8,72.00176,330.965,5.33,83.2,131434,74580,48.021,17.6
2024-04-01,319.048,2024,4,68070,208586500,7.7,313.207,3.9,72.02491,330.166,5.33,83.2,131434,74580,48.021,17.6
2024-05-01,322.192825,2024,5,68070,208855400,9.1,313.225,4,71.8811,329.342,5.33,83.2,131434,74580,48.021,17.6
2024-06-01,323.7867235,2024,6,68070,208928900,9.3,313.049,4.1,71.82606,328.995,5.33,83.2,131434,74580,48.021,17.6